Metric,ITU-R P.837,NASA GPM
R1 (1%) [mm/h],3.8541521386544275,5.842909418387454
R0.1 (0.1%) [mm/h],11.170579247432745,21.557988917091432
R0.01 (0.01%) [mm/h],26.414818148809122,52.377944858120195
Rain Fraction [%],5.7347792998477924,7.0677321156773205
